subjID,cost,goal,exptPart,trialNumber,roleCurrent,marblesSampled,probRed,practiceLambda,trialLambda,instructedLambda,drawnRed,reportedRed,inferredRed,playerTrialScore,oppTrialScore,playerTotalScore,oppTotalScore,waitTime,responseTime,catchQuestion,catchKey,catchResponse,catchTime,trialTime
sona-37087,unif,over,practice,1,sender,100,0.5,5,21.9,honest,70,62,57,0,-13,0,-13,2160.8471816668316,1680916175860,"How many <b class=""r"">red</b> marbles did you actually draw (before any changes)?",70,70,1680916175860,0
sona-39099,unif,over,practice,1,sender,100,0.5,5,21.9,dishonest_small,7,34,30,23,-23,23,-23,2624.2104148459557,1680816362035,"How many <b class=""r"">red</b> marbles did you actually draw (before any changes)?",7,7,1680816362035,0
sona-46081,unif,over,practice,1,sender,100,0.5,5,0.3,dishonest_small,69,69,63,0,-6,0,-6,2263.076967691006,1681089019268,"How many <b class=""r"">red</b> marbles did you actually draw (before any changes)?",69,67,1681089019269,0
sona-47556,unif,over,practice,1,sender,100,0.5,5,8.1,honest,38,44,38,0,0,0,0,2585.8998184056627,1678908534030,"How many <b class=""r"">red</b> marbles did you actually draw (before any changes)?",38,43,1678908534030,0
sona-44680,unif,over,practice,1,sender,100,0.5,5,8.1,dishonest_small,40,38,29,0,-11,0,-11,2175.8256572588193,1680929197440,"How many <b class=""r"">red</b> marbles did you actually draw (before any changes)?",40,40,1680929197440,0
sona-46469,unif,over,practice,1,sender,100,0.5,5,8.1,dishonest_small,72,63,57,0,-15,0,-15,2171.961491829462,1680894087846,"How many <b class=""r"">red</b> marbles did you actually draw (before any changes)?",72,73,1680894087846,0
sona-32728,unif,over,practice,1,sender,100,0.5,5,21.9,honest,76,80,73,0,-3,0,-3,3017.299578727637,1680821505144,"How many <b class=""r"">red</b> marbles did you actually draw (before any changes)?",76,76,1680821505144,0
sona-37316,unif,over,practice,1,sender,100,0.5,5,8.1,dishonest_big,37,37,32,0,-5,0,-5,2582.805863810367,1681164749164,"How many <b class=""r"">red</b> marbles did you actually draw (before any changes)?",37,37,1681164749164,0
sona-31738,unif,over,practice,1,sender,100,0.5,5,21.9,dishonest_small,44,51,49,5,-5,5,-5,2104.2777590992714,1680751532459,"How many <b class=""r"">red</b> marbles did you actually draw (before any changes)?",44,44,1680751532460,0
sona-46310,unif,over,practice,1,sender,100,0.5,5,21.9,dishonest_small,49,66,59,10,-10,10,-10,2847.699127179513,1680745210173,"How many <b class=""r"">red</b> marbles did you actually draw (before any changes)?",49,49,1680745210173,0
sona-46185,unif,over,practice,1,sender,100,0.5,5,8.1,dishonest_small,61,55,52,0,-9,0,-9,2242.099864694115,1681160340552,"How many <b class=""r"">red</b> marbles did you actually draw (before any changes)?",61,62,1681160340553,0
sona-42345,unif,over,practice,1,sender,100,0.5,5,8.1,honest,83,83,78,0,-5,0,-5,2569.0946715295804,1680758333131,"How many <b class=""r"">red</b> marbles did you actually draw (before any changes)?",83,50,1680758333132,0
sona-37091,unif,over,practice,1,sender,100,0.5,5,8.1,dishonest_big,35,40,34,0,-1,0,-1,2378.620034366535,1680745921146,"How many <b class=""r"">red</b> marbles did you actually draw (before any changes)?",35,35,1680745921147,0
sona-44550,unif,over,practice,1,sender,100,0.5,5,0.3,dishonest_big,47,47,43,0,-4,0,-4,2327.0040692736,1678904043215,"How many <b class=""r"">red</b> marbles did you actually draw (before any changes)?",47,50,1678904043215,0
sona-45087,unif,over,practice,1,sender,100,0.5,5,0.3,dishonest_big,81,75,65,0,-16,0,-16,3241.6234182949206,1680736160353,"How many <b class=""r"">red</b> marbles did you actually draw (before any changes)?",81,81,1680736160353,0
sona-42693,unif,over,practice,1,sender,100,0.5,5,0.3,honest,54,42,40,0,-14,0,-14,2114.279515316759,1680758643908,"How many <b class=""r"">red</b> marbles did you actually draw (before any changes)?",54,51,1680758643908,0
sona-47887,unif,over,practice,1,sender,100,0.5,5,21.9,dishonest_small,12,12,8,0,-4,0,-4,2337.143086166626,1678907543311,"How many <b class=""r"">red</b> marbles did you actually draw (before any changes)?",12,12,1678907543312,0
sona-41007,unif,over,practice,1,sender,100,0.5,5,8.1,honest,52,57,48,0,-4,0,-4,2949.7420153901603,1680759467112,"How many <b class=""r"">red</b> marbles did you actually draw (before any changes)?",52,6,1680759467112,0
sona-32529,unif,over,practice,1,sender,100,0.5,5,0.3,dishonest_big,39,54,49,10,-10,10,-10,2623.0167065085325,1680818047338,"How many <b class=""r"">red</b> marbles did you actually draw (before any changes)?",39,39,1680818047339,0
sona-43493,unif,over,practice,1,sender,100,0.5,5,8.1,dishonest_big,35,36,32,0,-3,0,-3,3049.0952938083087,1680741416974,"How many <b class=""r"">red</b> marbles did you actually draw (before any changes)?",35,35,1680741416974,0
sona-47983,unif,over,practice,1,sender,100,0.5,5,21.9,dishonest_big,52,61,55,3,-3,3,-3,2705.131307814872,1678904725043,"How many <b class=""r"">red</b> marbles did you actually draw (before any changes)?",52,52,1678904725044,0
sona-41441,unif,over,practice,1,sender,100,0.5,5,8.1,dishonest_big,73,64,61,0,-12,0,-12,2439.855801820414,1680737643191,"How many <b class=""r"">red</b> marbles did you actually draw (before any changes)?",73,73,1680737643192,0
sona-38309,unif,over,practice,1,sender,100,0.5,5,0.3,dishonest_big,50,50,44,0,-6,0,-6,2209.8211030092075,1678910498505,"How many <b class=""r"">red</b> marbles did you actually draw (before any changes)?",50,50,1678910498505,0
sona-45639,unif,over,practice,1,sender,100,0.5,5,0.3,dishonest_big,31,44,40,9,-9,9,-9,2939.474699143037,1680754268595,"How many <b class=""r"">red</b> marbles did you actually draw (before any changes)?",31,31,1680754268596,0
sona-41800,unif,over,practice,1,sender,100,0.5,5,21.9,dishonest_small,16,35,31,15,-15,15,-15,3127.274405110902,1680842742858,"How many <b class=""r"">red</b> marbles did you actually draw (before any changes)?",16,16,1680842742859,0
sona-38020,unif,over,practice,1,sender,100,0.5,5,21.9,dishonest_small,68,65,64,0,-4,0,-4,3211.2795325278976,1681075691557,"How many <b class=""r"">red</b> marbles did you actually draw (before any changes)?",68,62,1681075691558,0
sona-45005,unif,over,practice,1,sender,100,0.5,5,0.3,dishonest_small,45,57,52,7,-7,7,-7,3217.619660049641,1680736351264,"How many <b class=""r"">red</b> marbles did you actually draw (before any changes)?",45,45,1680736351264,0
sona-45588,unif,over,practice,1,sender,100,0.5,5,8.1,dishonest_big,9,12,11,2,-2,2,-2,3146.084754036044,1680998920431,"How many <b class=""r"">red</b> marbles did you actually draw (before any changes)?",9,9,1680998920431,0
sona-40335,unif,over,practice,1,sender,100,0.5,5,8.1,dishonest_big,47,66,63,16,-16,16,-16,2098.535863667506,1681112452477,"How many <b class=""r"">red</b> marbles did you actually draw (before any changes)?",47,3,1681112452478,0
sona-47223,unif,over,practice,1,sender,100,0.5,5,21.9,dishonest_big,37,40,33,0,-4,0,-4,3215.8784184744345,1680896117163,"How many <b class=""r"">red</b> marbles did you actually draw (before any changes)?",37,47,1680896117163,0
sona-41318,unif,over,practice,1,sender,100,0.5,5,0.3,dishonest_small,37,44,38,1,-1,1,-1,2347.4527021431295,1680888670499,"How many <b class=""r"">red</b> marbles did you actually draw (before any changes)?",37,35,1680888670499,0
sona-34920,unif,over,practice,1,sender,100,0.5,5,21.9,dishonest_small,47,69,63,16,-16,16,-16,3075.2277723788734,1680755788725,"How many <b class=""r"">red</b> marbles did you actually draw (before any changes)?",47,47,1680755788726,0
sona-46936,unif,over,practice,1,sender,100,0.5,5,21.9,dishonest_small,94,77,75,0,-19,0,-19,3094.474619232391,1680912833398,"How many <b class=""r"">red</b> marbles did you actually draw (before any changes)?",94,97,1680912833398,0
sona-48181,unif,over,practice,1,sender,100,0.5,5,21.9,dishonest_small,71,63,55,0,-16,0,-16,2232.2857613797546,1680827007283,"How many <b class=""r"">red</b> marbles did you actually draw (before any changes)?",71,29,1680827007284,0
sona-46920,unif,over,practice,1,sender,100,0.5,5,21.9,dishonest_small,56,52,42,0,-14,0,-14,2282.482820140498,1681143617683,"How many <b class=""r"">red</b> marbles did you actually draw (before any changes)?",56,51,1681143617683,0
sona-38554,unif,over,practice,1,sender,100,0.5,5,0.3,dishonest_small,62,62,58,0,-4,0,-4,2160.84845307057,1680831348120,"How many <b class=""r"">red</b> marbles did you actually draw (before any changes)?",62,62,1680831348120,0
sona-38104,unif,over,practice,1,sender,100,0.5,5,21.9,dishonest_small,64,49,46,0,-18,0,-18,2621.074955004809,1681166115463,"How many <b class=""r"">red</b> marbles did you actually draw (before any changes)?",64,64,1681166115464,0
sona-41924,unif,over,practice,1,sender,100,0.5,5,0.3,honest,71,67,63,0,-8,0,-8,2746.7402579742234,1681189030810,"How many <b class=""r"">red</b> marbles did you actually draw (before any changes)?",71,71,1681189030811,0
sona-48343,unif,over,practice,1,sender,100,0.5,5,8.1,honest,77,69,63,0,-14,0,-14,2672.6492441289715,1680847439434,"How many <b class=""r"">red</b> marbles did you actually draw (before any changes)?",77,23,1680847439435,0
sona-38942,unif,over,practice,1,sender,100,0.5,5,8.1,dishonest_big,76,53,46,0,-30,0,-30,2813.6993773164477,1680903177422,"How many <b class=""r"">red</b> marbles did you actually draw (before any changes)?",76,76,1680903177423,0
sona-43431,unif,over,practice,1,sender,100,0.5,5,8.1,dishonest_small,71,73,70,0,-1,0,-1,2235.131927291812,1680929020913,"How many <b class=""r"">red</b> marbles did you actually draw (before any changes)?",71,79,1680929020914,0
sona-48011,unif,over,practice,1,sender,100,0.5,5,8.1,honest,37,37,32,0,-5,0,-5,2874.7007065268035,1678910440793,"How many <b class=""r"">red</b> marbles did you actually draw (before any changes)?",37,37,1678910440793,0
sona-45727,unif,over,practice,1,sender,100,0.5,5,0.3,honest,29,30,27,0,-2,0,-2,2527.0291355927216,1680799978953,"How many <b class=""r"">red</b> marbles did you actually draw (before any changes)?",29,48,1680799978954,0
sona-37273,unif,over,practice,1,sender,100,0.5,5,21.9,dishonest_small,29,29,23,0,-6,0,-6,2268.34265392866,1681078516007,"How many <b class=""r"">red</b> marbles did you actually draw (before any changes)?",29,29,1681078516007,0
sona-38493,unif,over,practice,1,sender,100,0.5,5,8.1,dishonest_small,58,65,65,7,-7,7,-7,2430.933693610168,1680747657326,"How many <b class=""r"">red</b> marbles did you actually draw (before any changes)?",58,58,1680747657326,0
sona-47609,unif,over,practice,1,sender,100,0.5,5,8.1,dishonest_small,16,36,31,15,-15,15,-15,3027.0730756617468,1681159791739,"How many <b class=""r"">red</b> marbles did you actually draw (before any changes)?",16,16,1681159791740,0
sona-46761,unif,over,practice,1,sender,100,0.5,5,8.1,dishonest_big,60,60,52,0,-8,0,-8,2563.425463588156,1681008929696,"How many <b class=""r"">red</b> marbles did you actually draw (before any changes)?",60,60,1681008929696,0
sona-38187,unif,over,practice,1,sender,100,0.5,5,0.3,dishonest_big,44,44,39,0,-5,0,-5,2937.3244856506,1680821598058,"How many <b class=""r"">red</b> marbles did you actually draw (before any changes)?",44,44,1680821598059,0
sona-46673,unif,over,practice,1,sender,100,0.5,5,0.3,dishonest_big,41,45,44,3,-3,3,-3,2063.657807101925,1678908005969,"How many <b class=""r"">red</b> marbles did you actually draw (before any changes)?",41,41,1678908005970,0
sona-48381,unif,over,practice,1,sender,100,0.5,5,8.1,dishonest_small,74,58,58,0,-16,0,-16,2202.8703083348346,1681077422792,"How many <b class=""r"">red</b> marbles did you actually draw (before any changes)?",74,71,1681077422792,0
sona-39153,unif,over,practice,1,sender,100,0.5,5,0.3,dishonest_big,27,27,24,0,-3,0,-3,2428.271659408144,1680747210291,"How many <b class=""r"">red</b> marbles did you actually draw (before any changes)?",27,27,1680747210292,0
sona-45570,unif,over,practice,1,sender,100,0.5,5,0.3,dishonest_small,33,15,12,0,-21,0,-21,2097.068333162249,1681102048868,"How many <b class=""r"">red</b> marbles did you actually draw (before any changes)?",33,33,1681102048868,0
sona-42962,unif,over,practice,1,sender,100,0.5,5,21.9,honest,18,13,6,0,-12,0,-12,2351.524833353504,1678904506590,"How many <b class=""r"">red</b> marbles did you actually draw (before any changes)?",18,18,1678904506590,0
sona-46864,unif,over,practice,1,sender,100,0.5,5,0.3,honest,22,22,17,0,-5,0,-5,2673.6848234485387,1681169008829,"How many <b class=""r"">red</b> marbles did you actually draw (before any changes)?",22,22,1681169008830,0
sona-44859,unif,over,practice,1,sender,100,0.5,5,0.3,dishonest_small,30,32,25,0,-5,0,-5,2951.4593192297325,1680931363504,"How many <b class=""r"">red</b> marbles did you actually draw (before any changes)?",30,30,1680931363504,0
sona-44273,unif,over,practice,1,sender,100,0.5,5,0.3,dishonest_small,23,34,30,7,-7,7,-7,2296.7457024277137,1680742244346,"How many <b class=""r"">red</b> marbles did you actually draw (before any changes)?",23,30,1680742244347,0
sona-45931,unif,over,practice,1,sender,100,0.5,5,8.1,dishonest_small,46,51,46,0,0,0,0,2869.6862981410604,1681164087281,"How many <b class=""r"">red</b> marbles did you actually draw (before any changes)?",46,46,1681164087281,0
sona-42348,unif,over,practice,1,sender,100,0.5,5,8.1,dishonest_big,65,75,67,2,-2,2,-2,3119.430338078972,1681115557560,"How many <b class=""r"">red</b> marbles did you actually draw (before any changes)?",65,65,1681115557560,0
sona-31365,unif,over,practice,1,sender,100,0.5,5,8.1,honest,23,49,44,21,-21,21,-21,2168.08096872243,1680805133282,"How many <b class=""r"">red</b> marbles did you actually draw (before any changes)?",23,23,1680805133282,0
sona-45161,unif,over,practice,1,sender,100,0.5,5,8.1,honest,64,59,55,0,-9,0,-9,2125.2817005317947,1681097992716,"How many <b class=""r"">red</b> marbles did you actually draw (before any changes)?",64,59,1681097992717,0
sona-48303,unif,over,practice,1,sender,100,0.5,5,8.1,dishonest_big,38,43,40,2,-2,2,-2,2985.799320125495,1681080341241,"How many <b class=""r"">red</b> marbles did you actually draw (before any changes)?",38,48,1681080341242,0
sona-48092,unif,over,practice,1,sender,100,0.5,5,8.1,dishonest_small,82,88,82,0,0,0,0,2149.5327465854652,1680826930790,"How many <b class=""r"">red</b> marbles did you actually draw (before any changes)?",82,84,1680826930791,0
sona-48138,unif,over,practice,1,sender,100,0.5,5,0.3,honest,76,90,83,7,-7,7,-7,3067.3584519799992,1680759489652,"How many <b class=""r"">red</b> marbles did you actually draw (before any changes)?",76,76,1680759489653,0
sona-45136,unif,over,practice,1,sender,100,0.5,5,21.9,dishonest_big,57,82,77,20,-20,20,-20,2474.1546186846954,1680740124381,"How many <b class=""r"">red</b> marbles did you actually draw (before any changes)?",57,51,1680740124382,0
sona-46278,unif,over,practice,1,sender,100,0.5,5,0.3,honest,68,74,68,0,0,0,0,2909.215765688275,1680804511129,"How many <b class=""r"">red</b> marbles did you actually draw (before any changes)?",68,68,1680804511130,0
sona-47469,unif,over,practice,1,sender,100,0.5,5,8.1,dishonest_big,72,72,69,0,-3,0,-3,2633.1298189628687,1681160000376,"How many <b class=""r"">red</b> marbles did you actually draw (before any changes)?",72,72,1681160000376,0
sona-44496,unif,over,practice,1,sender,100,0.5,5,8.1,dishonest_small,69,69,67,0,-2,0,-2,3168.1167470160062,1680739305045,"How many <b class=""r"">red</b> marbles did you actually draw (before any changes)?",69,31,1680739305045,0
sona-41293,unif,over,practice,1,sender,100,0.5,5,21.9,honest,67,63,58,0,-9,0,-9,3154.3958788593663,1678908282988,"How many <b class=""r"">red</b> marbles did you actually draw (before any changes)?",67,67,1678908282989,0
sona-45507,unif,over,practice,1,sender,100,0.5,5,0.3,dishonest_big,70,70,66,0,-4,0,-4,2228.7947893083247,1680837794618,"How many <b class=""r"">red</b> marbles did you actually draw (before any changes)?",70,70,1680837794618,0
sona-48335,unif,over,practice,1,sender,100,0.5,5,8.1,dishonest_small,55,43,39,0,-16,0,-16,2157.498264314074,1680839466651,"How many <b class=""r"">red</b> marbles did you actually draw (before any changes)?",55,56,1680839466652,0
sona-48270,unif,over,practice,1,sender,100,0.5,5,21.9,honest,37,44,36,0,-1,0,-1,2114.3417628165207,1680734373856,"How many <b class=""r"">red</b> marbles did you actually draw (before any changes)?",37,37,1680734373857,0
sona-42606,unif,over,practice,1,sender,100,0.5,5,21.9,honest,65,62,57,0,-8,0,-8,2723.6392719185787,1678905223269,"How many <b class=""r"">red</b> marbles did you actually draw (before any changes)?",65,63,1678905223270,0
sona-41883,unif,over,practice,1,sender,100,0.5,5,8.1,honest,35,34,29,0,-6,0,-6,2627.517048079204,1681158756321,"How many <b class=""r"">red</b> marbles did you actually draw (before any changes)?",35,35,1681158756321,0
sona-31328,unif,over,practice,1,sender,100,0.5,5,0.3,honest,80,75,71,0,-9,0,-9,2847.108254494865,1680742302905,"How many <b class=""r"">red</b> marbles did you actually draw (before any changes)?",80,75,1680742302906,0
sona-37478,unif,over,practice,1,sender,100,0.5,5,0.3,dishonest_big,60,40,34,0,-26,0,-26,2331.483845149166,1680822357997,"How many <b class=""r"">red</b> marbles did you actually draw (before any changes)?",60,60,1680822357998,0
sona-45028,unif,over,practice,1,sender,100,0.5,5,21.9,dishonest_small,35,29,23,0,-12,0,-12,2827.0704885290643,1680896984657,"How many <b class=""r"">red</b> marbles did you actually draw (before any changes)?",35,50,1680896984658,0
sona-44793,unif,over,practice,1,sender,100,0.5,5,21.9,honest,59,52,47,0,-12,0,-12,3058.3059864378647,1680888617861,"How many <b class=""r"">red</b> marbles did you actually draw (before any changes)?",59,59,1680888617862,0
sona-32050,unif,over,practice,1,sender,100,0.5,5,0.3,dishonest_big,44,44,37,0,-7,0,-7,3096.896546142634,1678910548063,"How many <b class=""r"">red</b> marbles did you actually draw (before any changes)?",44,44,1678910548064,0
sona-45614,unif,over,practice,1,sender,100,0.5,5,8.1,dishonest_big,56,59,54,0,-2,0,-2,2450.7526896435343,1680824232645,"How many <b class=""r"">red</b> marbles did you actually draw (before any changes)?",56,57,1680824232645,0
sona-47412,unif,over,practice,1,sender,100,0.5,5,21.9,dishonest_big,10,17,10,0,0,0,0,2626.220612472383,1680829593342,"How many <b class=""r"">red</b> marbles did you actually draw (before any changes)?",10,10,1680829593343,0
sona-40763,unif,over,practice,1,sender,100,0.5,5,8.1,honest,60,60,53,0,-7,0,-7,3022.79920711042,1680798902341,"How many <b class=""r"">red</b> marbles did you actually draw (before any changes)?",60,60,1680798902341,0
sona-33471,unif,over,practice,1,sender,100,0.5,5,0.3,dishonest_big,79,76,75,0,-4,0,-4,2224.7499787613215,1678911253150,"How many <b class=""r"">red</b> marbles did you actually draw (before any changes)?",79,79,1678911253150,0
sona-48095,unif,over,practice,1,sender,100,0.5,5,0.3,dishonest_big,60,72,69,9,-9,9,-9,2327.9550560627067,1680941118315,"How many <b class=""r"">red</b> marbles did you actually draw (before any changes)?",60,60,1680941118315,0
sona-48241,unif,over,practice,1,sender,100,0.5,5,21.9,dishonest_small,62,89,84,22,-22,22,-22,3153.73846001196,1681104039242,"How many <b class=""r"">red</b> marbles did you actually draw (before any changes)?",62,61,1681104039242,0
sona-44327,unif,over,practice,1,sender,100,0.5,5,0.3,dishonest_small,39,37,31,0,-8,0,-8,2192.413778337106,1680832898088,"How many <b class=""r"">red</b> marbles did you actually draw (before any changes)?",39,39,1680832898089,0
sona-45062,unif,over,practice,1,sender,100,0.5,5,8.1,honest,48,52,48,0,0,0,0,2711.5518551647083,1680903698783,"How many <b class=""r"">red</b> marbles did you actually draw (before any changes)?",48,48,1680903698784,0
sona-36409,unif,over,practice,1,sender,100,0.5,5,0.3,honest,66,71,68,2,-2,2,-2,2611.5574482322672,1680847463359,"How many <b class=""r"">red</b> marbles did you actually draw (before any changes)?",66,50,1680847463360,0
sona-33522,unif,over,practice,1,sender,100,0.5,5,0.3,honest,46,53,43,0,-3,0,-3,3021.1408553715405,1681100446699,"How many <b class=""r"">red</b> marbles did you actually draw (before any changes)?",46,46,1681100446699,0
sona-46770,unif,over,practice,1,sender,100,0.5,5,0.3,dishonest_small,43,40,38,0,-5,0,-5,3038.9075702736645,1680830004488,"How many <b class=""r"">red</b> marbles did you actually draw (before any changes)?",43,43,1680830004488,0
sona-48294,unif,over,practice,1,sender,100,0.5,5,0.3,honest,70,60,57,0,-13,0,-13,2663.8382320411683,1680828946940,"How many <b class=""r"">red</b> marbles did you actually draw (before any changes)?",70,70,1680828946940,0
sona-43437,unif,over,practice,1,sender,100,0.5,5,21.9,honest,44,44,35,0,-9,0,-9,2275.256648164793,1680760583545,"How many <b class=""r"">red</b> marbles did you actually draw (before any changes)?",44,48,1680760583546,0
sona-40309,unif,over,practice,1,sender,100,0.5,5,0.3,dishonest_small,19,33,28,9,-9,9,-9,2345.5600953153025,1680815328802,"How many <b class=""r"">red</b> marbles did you actually draw (before any changes)?",19,19,1680815328803,0
sona-42508,unif,over,practice,1,sender,100,0.5,5,0.3,dishonest_small,36,54,50,14,-14,14,-14,2080.6746041517185,1680761390790,"How many <b class=""r"">red</b> marbles did you actually draw (before any changes)?",36,36,1680761390790,0
sona-48040,unif,over,practice,1,sender,100,0.5,5,0.3,dishonest_big,49,49,41,0,-8,0,-8,2187.694512980989,1678907946458,"How many <b class=""r"">red</b> marbles did you actually draw (before any changes)?",49,45,1678907946459,0
sona-43499,unif,over,practice,1,sender,100,0.5,5,8.1,dishonest_small,69,63,57,0,-12,0,-12,2779.514876251912,1680924101313,"How many <b class=""r"">red</b> marbles did you actually draw (before any changes)?",69,68,1680924101314,0
sona-47570,unif,over,practice,1,sender,100,0.5,5,0.3,dishonest_small,41,36,31,0,-10,0,-10,2983.1994974077843,1680739421757,"How many <b class=""r"">red</b> marbles did you actually draw (before any changes)?",41,36,1680739421757,0
sona-48113,unif,over,practice,1,sender,100,0.5,5,0.3,dishonest_big,61,52,44,0,-17,0,-17,3224.0952705639643,1680894668046,"How many <b class=""r"">red</b> marbles did you actually draw (before any changes)?",61,62,1680894668047,0
sona-47659,unif,over,practice,1,sender,100,0.5,5,0.3,dishonest_big,53,53,46,0,-7,0,-7,2675.59835355277,1680903017772,"How many <b class=""r"">red</b> marbles did you actually draw (before any changes)?",53,48,1680903017773,0
sona-48282,unif,over,practice,1,sender,100,0.5,5,8.1,dishonest_big,37,41,39,2,-2,2,-2,2993.2733239213676,1680809836907,"How many <b class=""r"">red</b> marbles did you actually draw (before any changes)?",37,37,1680809836907,0
sona-39142,unif,over,practice,1,sender,100,0.5,5,21.9,dishonest_big,69,77,73,4,-4,4,-4,2274.6022858716187,1680736763580,"How many <b class=""r"">red</b> marbles did you actually draw (before any changes)?",69,69,1680736763581,0
sona-47045,unif,over,practice,1,sender,100,0.5,5,0.3,honest,43,36,30,0,-13,0,-13,2275.0811809570796,1680796834153,"How many <b class=""r"">red</b> marbles did you actually draw (before any changes)?",43,43,1680796834153,0
sona-47946,unif,over,practice,1,sender,100,0.5,5,0.3,honest,81,100,98,17,-17,17,-17,2301.613689578184,1678905099426,"How many <b class=""r"">red</b> marbles did you actually draw (before any changes)?",81,2,1678905099426,0
sona-38773,unif,over,practice,1,sender,100,0.5,5,8.1,dishonest_big,90,75,68,0,-22,0,-22,3048.8799979396154,1678904978676,"How many <b class=""r"">red</b> marbles did you actually draw (before any changes)?",90,90,1678904978676,0
sona-39498,unif,over,practice,1,sender,100,0.5,5,0.3,honest,78,78,73,0,-5,0,-5,2533.177680567723,1680854146382,"How many <b class=""r"">red</b> marbles did you actually draw (before any changes)?",78,22,1680854146382,0
sona-36281,unif,over,practice,1,sender,100,0.5,5,8.1,honest,73,84,79,6,-6,6,-6,2205.963800479279,1680821626569,"How many <b class=""r"">red</b> marbles did you actually draw (before any changes)?",73,74,1680821626570,0
sona-37490,unif,over,practice,1,sender,100,0.5,5,0.3,dishonest_big,51,70,67,16,-16,16,-16,2399.940612991323,1678908106992,"How many <b class=""r"">red</b> marbles did you actually draw (before any changes)?",51,51,1678908106992,0
sona-42206,unif,over,practice,1,sender,100,0.5,5,0.3,dishonest_big,64,69,66,2,-2,2,-2,3172.428347037294,1680898570925,"How many <b class=""r"">red</b> marbles did you actually draw (before any changes)?",64,64,1680898570925,0
sona-35803,unif,over,practice,1,sender,100,0.5,5,0.3,dishonest_big,72,61,57,0,-15,0,-15,2240.8612848852717,1681001827792,"How many <b class=""r"">red</b> marbles did you actually draw (before any changes)?",72,70,1681001827793,0
sona-45594,unif,over,practice,1,sender,100,0.5,5,8.1,dishonest_small,64,65,63,0,-1,0,-1,2107.310149512011,1680758913921,"How many <b class=""r"">red</b> marbles did you actually draw (before any changes)?",64,64,1680758913921,0
sona-40329,unif,over,practice,1,sender,100,0.5,5,8.1,dishonest_small,41,42,36,0,-5,0,-5,2323.3075413816955,1680740922487,"How many <b class=""r"">red</b> marbles did you actually draw (before any changes)?",41,20,1680740922487,0
sona-43505,unif,over,practice,1,sender,100,0.5,5,8.1,dishonest_big,77,75,70,0,-7,0,-7,2198.227369606663,1680747709492,"How many <b class=""r"">red</b> marbles did you actually draw (before any changes)?",77,2,1680747709493,0
sona-46140,unif,over,practice,1,sender,100,0.5,5,0.3,dishonest_big,37,42,37,0,0,0,0,2831.8941761506076,1680830170273,"How many <b class=""r"">red</b> marbles did you actually draw (before any changes)?",37,37,1680830170273,0
sona-47881,unif,over,practice,1,sender,100,0.5,5,8.1,honest,51,55,52,1,-1,1,-1,2863.3822069081125,1680746718314,"How many <b class=""r"">red</b> marbles did you actually draw (before any changes)?",51,51,1680746718314,0
sona-41797,unif,over,practice,1,sender,100,0.5,5,0.3,dishonest_small,74,74,73,0,-1,0,-1,2298.361372535337,1681184893273,"How many <b class=""r"">red</b> marbles did you actually draw (before any changes)?",74,74,1681184893274,0
sona-40240,unif,over,practice,1,sender,100,0.5,5,0.3,dishonest_big,28,28,24,0,-4,0,-4,2128.0513654250626,1678908753690,"How many <b class=""r"">red</b> marbles did you actually draw (before any changes)?",28,28,1678908753691,0
sona-42787,unif,over,practice,1,sender,100,0.5,5,21.9,dishonest_big,66,76,72,6,-6,6,-6,2592.2835775603744,1680923906269,"How many <b class=""r"">red</b> marbles did you actually draw (before any changes)?",66,66,1680923906272,0
sona-41851,unif,over,practice,1,sender,100,0.5,5,21.9,dishonest_small,94,61,58,0,-36,0,-36,3143.2320866398004,1681164220591,"How many <b class=""r"">red</b> marbles did you actually draw (before any changes)?",94,94,1681164220591,0
sona-45281,unif,over,practice,1,sender,100,0.5,5,8.1,honest,25,30,27,2,-2,2,-2,2897.575733354942,1681142961918,"How many <b class=""r"">red</b> marbles did you actually draw (before any changes)?",25,25,1681142961919,0
sona-27014,unif,over,practice,1,sender,100,0.5,5,8.1,honest,48,45,42,0,-6,0,-6,2424.6108933916685,1678904404553,"How many <b class=""r"">red</b> marbles did you actually draw (before any changes)?",48,45,1678904404554,0
sona-42790,unif,over,practice,1,sender,100,0.5,5,8.1,honest,45,46,41,0,-4,0,-4,2508.3250785025225,1678912133435,"How many <b class=""r"">red</b> marbles did you actually draw (before any changes)?",45,55,1678912133435,0
sona-46803,unif,over,practice,1,sender,100,0.5,5,0.3,honest,30,45,39,9,-9,9,-9,2063.2639634146517,1681084977817,"How many <b class=""r"">red</b> marbles did you actually draw (before any changes)?",30,30,1681084977817,0
sona-43528,unif,over,practice,1,sender,100,0.5,5,0.3,dishonest_big,55,66,62,7,-7,7,-7,2600.574510399592,1681029873133,"How many <b class=""r"">red</b> marbles did you actually draw (before any changes)?",55,55,1681029873133,0
sona-39620,unif,over,practice,1,sender,100,0.5,5,8.1,honest,62,61,54,0,-8,0,-8,2177.017026704606,1680884425981,"How many <b class=""r"">red</b> marbles did you actually draw (before any changes)?",62,62,1680884425982,0
sona-36185,unif,over,practice,1,sender,100,0.5,5,0.3,dishonest_small,51,57,55,4,-4,4,-4,3057.6183528462984,1680742645250,"How many <b class=""r"">red</b> marbles did you actually draw (before any changes)?",51,51,1680742645250,0
sona-44740,unif,over,practice,1,sender,100,0.5,5,0.3,dishonest_small,34,34,29,0,-5,0,-5,2214.0332006386375,1681078779339,"How many <b class=""r"">red</b> marbles did you actually draw (before any changes)?",34,6,1681078779340,0
sona-39335,unif,over,practice,1,sender,100,0.5,5,21.9,honest,90,66,62,0,-28,0,-28,2433.630894963156,1681161067402,"How many <b class=""r"">red</b> marbles did you actually draw (before any changes)?",90,90,1681161067402,0
sona-42381,unif,over,practice,1,sender,100,0.5,5,0.3,honest,53,53,48,0,-5,0,-5,2444.0289302517376,1680740484857,"How many <b class=""r"">red</b> marbles did you actually draw (before any changes)?",53,51,1680740484858,0
sona-42552,unif,over,practice,1,sender,100,0.5,5,21.9,honest,42,40,32,0,-10,0,-10,3116.4811586205133,1680746177536,"How many <b class=""r"">red</b> marbles did you actually draw (before any changes)?",42,2,1680746177537,0
sona-45595,unif,over,practice,1,sender,100,0.5,5,21.9,dishonest_small,16,8,1,0,-15,0,-15,2140.328959598305,1678909510319,"How many <b class=""r"">red</b> marbles did you actually draw (before any changes)?",16,16,1678909510319,0
sona-48348,unif,over,practice,1,sender,100,0.5,5,0.3,honest,32,30,26,0,-6,0,-6,2459.4645648356127,1680891984307,"How many <b class=""r"">red</b> marbles did you actually draw (before any changes)?",32,51,1680891984308,0
sona-45192,unif,over,practice,1,sender,100,0.5,5,21.9,honest,26,27,22,0,-4,0,-4,2453.2038407393557,1681185333397,"How many <b class=""r"">red</b> marbles did you actually draw (before any changes)?",26,1,1681185333398,0
sona-43945,unif,over,practice,1,sender,100,0.5,5,21.9,honest,64,62,55,0,-9,0,-9,2168.245428359915,1680835909088,"How many <b class=""r"">red</b> marbles did you actually draw (before any changes)?",64,64,1680835909088,0
sona-41581,unif,over,practice,1,sender,100,0.5,5,0.3,dishonest_big,53,48,41,0,-12,0,-12,2733.661054563622,1680753983840,"How many <b class=""r"">red</b> marbles did you actually draw (before any changes)?",53,53,1680753983840,0
sona-43400,unif,over,practice,1,sender,100,0.5,5,21.9,dishonest_small,80,73,69,0,-11,0,-11,2932.498953049645,1680911423494,"How many <b class=""r"">red</b> marbles did you actually draw (before any changes)?",80,80,1680911423495,0
sona-40369,unif,over,practice,1,sender,100,0.5,5,0.3,dishonest_small,57,58,56,0,-1,0,-1,2130.6631558611807,1680830444175,"How many <b class=""r"">red</b> marbles did you actually draw (before any changes)?",57,55,1680830444176,0
sona-42246,unif,over,practice,1,sender,100,0.5,5,21.9,honest,72,62,57,0,-15,0,-15,2895.4594080624156,1680923675568,"How many <b class=""r"">red</b> marbles did you actually draw (before any changes)?",72,72,1680923675569,0
sona-47044,unif,over,practice,1,sender,100,0.5,5,8.1,dishonest_big,60,57,50,0,-10,0,-10,2538.052304365002,1680830566408,"How many <b class=""r"">red</b> marbles did you actually draw (before any changes)?",60,57,1680830566409,0
sona-42180,unif,over,practice,1,sender,100,0.5,5,8.1,honest,88,82,80,0,-8,0,-8,2224.5738539949043,1680769116073,"How many <b class=""r"">red</b> marbles did you actually draw (before any changes)?",88,55,1680769116074,0
sona-35117,unif,over,practice,1,sender,100,0.5,5,8.1,dishonest_small,18,33,26,8,-8,8,-8,2115.6237335315045,1680750876701,"How many <b class=""r"">red</b> marbles did you actually draw (before any changes)?",18,18,1680750876701,0
sona-44111,unif,over,practice,1,sender,100,0.5,5,8.1,dishonest_big,46,46,40,0,-6,0,-6,2537.8040516714095,1681172726996,"How many <b class=""r"">red</b> marbles did you actually draw (before any changes)?",46,46,1681172726996,0
sona-43359,unif,over,practice,1,sender,100,0.5,5,8.1,dishonest_small,47,8,6,0,-41,0,-41,2305.058940064252,1680814767168,"How many <b class=""r"">red</b> marbles did you actually draw (before any changes)?",47,55,1680814767168,0
sona-48112,unif,over,practice,1,sender,100,0.5,5,8.1,dishonest_small,34,40,35,1,-1,1,-1,2879.106936242117,1680753327577,"How many <b class=""r"">red</b> marbles did you actually draw (before any changes)?",34,34,1680753327577,0
sona-48041,unif,over,practice,1,sender,100,0.5,5,0.3,dishonest_big,42,46,41,0,-1,0,-1,2912.347168988773,1678907320878,"How many <b class=""r"">red</b> marbles did you actually draw (before any changes)?",42,52,1678907320878,0
sona-42765,unif,over,practice,1,sender,100,0.5,5,21.9,dishonest_small,27,27,25,0,-2,0,-2,2695.6365725723927,1681013155319,"How many <b class=""r"">red</b> marbles did you actually draw (before any changes)?",27,0,1681013155319,0
sona-46726,unif,over,practice,1,sender,100,0.5,5,21.9,dishonest_small,77,80,76,0,-1,0,-1,2264.4037398399823,1681092086338,"How many <b class=""r"">red</b> marbles did you actually draw (before any changes)?",77,77,1681092086338,0
sona-47619,unif,over,practice,1,sender,100,0.5,5,21.9,dishonest_big,40,40,33,0,-7,0,-7,3163.90072202463,1681143731568,"How many <b class=""r"">red</b> marbles did you actually draw (before any changes)?",40,15,1681143731568,0
sona-36234,unif,over,practice,1,sender,100,0.5,5,21.9,dishonest_small,24,28,22,0,-2,0,-2,3168.2877532762327,1680835559472,"How many <b class=""r"">red</b> marbles did you actually draw (before any changes)?",24,24,1680835559473,0
sona-41535,unif,over,practice,1,sender,100,0.5,5,0.3,dishonest_big,63,63,60,0,-3,0,-3,3219.71777540506,1678908027144,"How many <b class=""r"">red</b> marbles did you actually draw (before any changes)?",63,63,1678908027145,0
sona-45126,unif,over,practice,1,sender,100,0.5,5,21.9,honest,53,52,47,0,-6,0,-6,2667.9820462766174,1680825394853,"How many <b class=""r"">red</b> marbles did you actually draw (before any changes)?",53,52,1680825394853,0
sona-37921,unif,over,practice,1,sender,100,0.5,5,0.3,honest,90,94,89,0,-1,0,-1,3215.7019401994817,1680734984544,"How many <b class=""r"">red</b> marbles did you actually draw (before any changes)?",90,90,1680734984544,0
sona-34527,unif,over,practice,1,sender,100,0.5,5,21.9,honest,70,51,47,0,-23,0,-23,2841.4283468457147,1680820554003,"How many <b class=""r"">red</b> marbles did you actually draw (before any changes)?",70,70,1680820554004,0
sona-46198,unif,over,practice,1,sender,100,0.5,5,8.1,dishonest_big,71,71,63,0,-8,0,-8,2728.7216093092147,1678906369843,"How many <b class=""r"">red</b> marbles did you actually draw (before any changes)?",71,16,1678906369844,0
sona-47766,unif,over,practice,1,sender,100,0.5,5,0.3,honest,70,48,45,0,-25,0,-25,2964.7591377996428,1681183373799,"How many <b class=""r"">red</b> marbles did you actually draw (before any changes)?",70,70,1681183373800,0
sona-44799,unif,over,practice,1,sender,100,0.5,5,8.1,dishonest_small,90,85,79,0,-11,0,-11,2829.788095549468,1678905156129,"How many <b class=""r"">red</b> marbles did you actually draw (before any changes)?",90,90,1678905156129,0
sona-48305,unif,over,practice,1,sender,100,0.5,5,0.3,honest,44,52,47,3,-3,3,-3,2218.3472644456165,1680800977275,"How many <b class=""r"">red</b> marbles did you actually draw (before any changes)?",44,44,1680800977275,0
sona-46823,unif,over,practice,1,sender,100,0.5,5,0.3,dishonest_small,67,67,62,0,-5,0,-5,3188.3028284119396,1680740069234,"How many <b class=""r"">red</b> marbles did you actually draw (before any changes)?",67,67,1680740069235,0
sona-45148,unif,over,practice,1,sender,100,0.5,5,0.3,dishonest_big,21,24,22,1,-1,1,-1,2890.837762088643,1681015402085,"How many <b class=""r"">red</b> marbles did you actually draw (before any changes)?",21,21,1681015402085,0
sona-48054,unif,over,practice,1,sender,100,0.5,5,8.1,dishonest_small,51,51,47,0,-4,0,-4,2383.978386653853,1678906376785,"How many <b class=""r"">red</b> marbles did you actually draw (before any changes)?",51,51,1678906376785,0
sona-45236,unif,over,practice,1,sender,100,0.5,5,8.1,honest,58,58,53,0,-5,0,-5,3094.6172584084097,1680928078728,"How many <b class=""r"">red</b> marbles did you actually draw (before any changes)?",58,53,1680928078728,0
sona-41275,unif,over,practice,1,sender,100,0.5,5,8.1,dishonest_small,46,48,36,0,-10,0,-10,2405.4773600478866,1680930596956,"How many <b class=""r"">red</b> marbles did you actually draw (before any changes)?",46,45,1680930596957,0
sona-44132,unif,over,practice,1,sender,100,0.5,5,21.9,dishonest_big,64,56,53,0,-11,0,-11,2911.9134973631108,1680805275671,"How many <b class=""r"">red</b> marbles did you actually draw (before any changes)?",64,66,1680805275672,0
sona-37220,unif,over,practice,1,sender,100,0.5,5,0.3,dishonest_small,48,58,54,6,-6,6,-6,2694.6131821422273,1678909699868,"How many <b class=""r"">red</b> marbles did you actually draw (before any changes)?",48,48,1678909699868,0
sona-46119,unif,over,practice,1,sender,100,0.5,5,8.1,honest,56,51,46,0,-10,0,-10,2584.723268916437,1678907856742,"How many <b class=""r"">red</b> marbles did you actually draw (before any changes)?",56,44,1678907856742,0
sona-36077,unif,over,practice,1,sender,100,0.5,5,21.9,dishonest_big,47,43,36,0,-11,0,-11,2256.911597038385,1678904686046,"How many <b class=""r"">red</b> marbles did you actually draw (before any changes)?",47,47,1678904686047,0
sona-36020,unif,over,practice,1,sender,100,0.5,5,0.3,honest,34,47,43,9,-9,9,-9,2689.0141913790294,1678905619964,"How many <b class=""r"">red</b> marbles did you actually draw (before any changes)?",34,33,1678905619965,0
sona-36372,unif,over,practice,1,sender,100,0.5,5,21.9,honest,61,65,64,3,-3,3,-3,2824.2478908643416,1678906614829,"How many <b class=""r"">red</b> marbles did you actually draw (before any changes)?",61,63,1678906614830,0
sona-44734,unif,over,practice,1,sender,100,0.5,5,0.3,honest,36,36,34,0,-2,0,-2,2611.707392356719,1680897281584,"How many <b class=""r"">red</b> marbles did you actually draw (before any changes)?",36,38,1680897281585,0
sona-40409,unif,over,practice,1,sender,100,0.5,5,8.1,honest,41,51,46,5,-5,5,-5,2461.164120392243,1680831780017,"How many <b class=""r"">red</b> marbles did you actually draw (before any changes)?",41,41,1680831780018,0
sona-42530,unif,over,practice,1,sender,100,0.5,5,21.9,dishonest_big,50,51,41,0,-9,0,-9,2308.717892643678,1680930029437,"How many <b class=""r"">red</b> marbles did you actually draw (before any changes)?",50,50,1680930029438,0
sona-45830,unif,over,practice,1,sender,100,0.5,5,0.3,honest,74,85,80,6,-6,6,-6,2422.3963422162105,1680762503453,"How many <b class=""r"">red</b> marbles did you actually draw (before any changes)?",74,70,1680762503454,0
sona-48214,unif,over,practice,1,sender,100,0.5,5,21.9,dishonest_big,51,53,49,0,-2,0,-2,2473.5949452855357,1680899544691,"How many <b class=""r"">red</b> marbles did you actually draw (before any changes)?",51,53,1680899544692,0
sona-45001,unif,over,practice,1,sender,100,0.5,5,21.9,honest,72,5,0,0,-72,0,-72,2131.510886452034,1680820394093,"How many <b class=""r"">red</b> marbles did you actually draw (before any changes)?",72,71,1680820394094,0
sona-35246,unif,over,practice,1,sender,100,0.5,5,0.3,dishonest_small,79,79,76,0,-3,0,-3,3162.397160544466,1681172941246,"How many <b class=""r"">red</b> marbles did you actually draw (before any changes)?",79,79,1681172941246,0
sona-44885,unif,over,practice,1,sender,100,0.5,5,8.1,dishonest_small,54,52,47,0,-7,0,-7,3124.9916037737744,1680813002839,"How many <b class=""r"">red</b> marbles did you actually draw (before any changes)?",54,58,1680813002839,0
sona-41500,unif,over,practice,1,sender,100,0.5,5,21.9,dishonest_small,80,86,82,2,-2,2,-2,2130.858108086151,1680824190531,"How many <b class=""r"">red</b> marbles did you actually draw (before any changes)?",80,80,1680824190532,0
sona-48058,unif,over,practice,1,sender,100,0.5,5,21.9,dishonest_small,37,60,55,18,-18,18,-18,2637.52541247127,1678905103684,"How many <b class=""r"">red</b> marbles did you actually draw (before any changes)?",37,39,1678905103684,0
sona-44978,unif,over,practice,1,sender,100,0.5,5,8.1,dishonest_big,24,38,36,12,-12,12,-12,3134.912707159838,1680930875362,"How many <b class=""r"">red</b> marbles did you actually draw (before any changes)?",24,28,1680930875363,0
sona-46396,unif,over,practice,1,sender,100,0.5,5,21.9,dishonest_small,54,56,51,0,-3,0,-3,2482.361520613572,1678910148836,"How many <b class=""r"">red</b> marbles did you actually draw (before any changes)?",54,46,1678910148836,0
sona-40612,unif,over,practice,1,sender,100,0.5,5,0.3,honest,73,67,60,0,-13,0,-13,2148.886721196052,1680920084154,"How many <b class=""r"">red</b> marbles did you actually draw (before any changes)?",73,71,1680920084154,0
sona-32192,unif,over,practice,1,sender,100,0.5,5,21.9,dishonest_small,14,35,30,16,-16,16,-16,2407.047009878608,1681187616343,"How many <b class=""r"">red</b> marbles did you actually draw (before any changes)?",14,14,1681187616344,0
sona-46400,unif,over,practice,1,sender,100,0.5,5,21.9,dishonest_big,34,64,60,26,-26,26,-26,2186.2434829842223,1680739875636,"How many <b class=""r"">red</b> marbles did you actually draw (before any changes)?",34,34,1680739875637,0
sona-46816,unif,over,practice,1,sender,100,0.5,5,0.3,honest,30,42,37,7,-7,7,-7,2118.94629362861,1680765311623,"How many <b class=""r"">red</b> marbles did you actually draw (before any changes)?",30,30,1680765311624,0
sona-44981,unif,over,practice,1,sender,100,0.5,5,8.1,dishonest_small,61,63,59,0,-2,0,-2,2293.8492647371154,1680755941824,"How many <b class=""r"">red</b> marbles did you actually draw (before any changes)?",61,61,1680755941824,0
sona-43985,unif,over,practice,1,sender,100,0.5,5,0.3,dishonest_small,40,89,84,44,-44,44,-44,2869.652693499086,1680753224222,"How many <b class=""r"">red</b> marbles did you actually draw (before any changes)?",40,40,1680753224223,0
sona-42253,unif,over,practice,1,sender,100,0.5,5,8.1,dishonest_small,58,58,49,0,-9,0,-9,2534.2625381836588,1678906770420,"How many <b class=""r"">red</b> marbles did you actually draw (before any changes)?",58,13,1678906770420,0
sona-40517,unif,over,practice,1,sender,100,0.5,5,21.9,dishonest_big,72,74,67,0,-5,0,-5,2268.5654355846727,1681084111849,"How many <b class=""r"">red</b> marbles did you actually draw (before any changes)?",72,73,1681084111850,0
sona-48259,unif,over,practice,1,sender,100,0.5,5,0.3,dishonest_small,51,48,45,0,-6,0,-6,2121.836772587002,1680918552838,"How many <b class=""r"">red</b> marbles did you actually draw (before any changes)?",51,47,1680918552839,0
sona-46882,unif,over,practice,1,sender,100,0.5,5,8.1,honest,33,33,27,0,-6,0,-6,2424.324005628204,1680824307462,"How many <b class=""r"">red</b> marbles did you actually draw (before any changes)?",33,33,1680824307463,0
sona-34744,unif,over,practice,1,sender,100,0.5,5,8.1,dishonest_big,23,28,26,3,-3,3,-3,2363.308517637308,1680861914299,"How many <b class=""r"">red</b> marbles did you actually draw (before any changes)?",23,23,1680861914299,0
sona-32002,unif,over,practice,1,sender,100,0.5,5,21.9,dishonest_big,52,60,51,0,-1,0,-1,2210.0031647258324,1680750219053,"How many <b class=""r"">red</b> marbles did you actually draw (before any changes)?",52,52,1680750219053,0
sona-39073,unif,over,practice,1,sender,100,0.5,5,0.3,dishonest_small,62,72,67,5,-5,5,-5,2291.8790753211456,1680832956808,"How many <b class=""r"">red</b> marbles did you actually draw (before any changes)?",62,61,1680832956809,0
sona-45702,unif,over,practice,1,sender,100,0.5,5,0.3,dishonest_small,27,27,21,0,-6,0,-6,2163.32223890253,1680845701016,"How many <b class=""r"">red</b> marbles did you actually draw (before any changes)?",27,27,1680845701017,0
sona-40107,unif,over,practice,1,sender,100,0.5,5,21.9,honest,62,32,28,0,-34,0,-34,2987.8477401317155,1681051464042,"How many <b class=""r"">red</b> marbles did you actually draw (before any changes)?",62,32,1681051464042,0
sona-42839,unif,over,practice,1,sender,100,0.5,5,8.1,dishonest_big,40,43,37,0,-3,0,-3,2738.609045371353,1680744208674,"How many <b class=""r"">red</b> marbles did you actually draw (before any changes)?",40,40,1680744208675,0
sona-40941,unif,over,practice,1,sender,100,0.5,5,21.9,dishonest_small,48,80,75,27,-27,27,-27,2593.200348072419,1678909350520,"How many <b class=""r"">red</b> marbles did you actually draw (before any changes)?",48,45,1678909350521,0
sona-30340,unif,over,practice,1,sender,100,0.5,5,8.1,dishonest_big,46,50,44,0,-2,0,-2,2281.11974912607,1681029507031,"How many <b class=""r"">red</b> marbles did you actually draw (before any changes)?",46,46,1681029507032,0
sona-42585,unif,over,practice,1,sender,100,0.5,5,8.1,honest,21,37,32,11,-11,11,-11,2789.0922925063005,1680893598719,"How many <b class=""r"">red</b> marbles did you actually draw (before any changes)?",21,21,1680893598719,0
sona-46745,unif,over,practice,1,sender,100,0.5,5,0.3,honest,65,19,14,0,-51,0,-51,2921.710775360577,1680749807625,"How many <b class=""r"">red</b> marbles did you actually draw (before any changes)?",65,65,1680749807625,0
sona-33350,unif,over,practice,1,sender,100,0.5,5,21.9,dishonest_big,43,44,41,0,-2,0,-2,2565.7174026612824,1680911676800,"How many <b class=""r"">red</b> marbles did you actually draw (before any changes)?",43,43,1680911676801,0
sona-45485,unif,over,practice,1,sender,100,0.5,5,8.1,dishonest_small,23,23,18,0,-5,0,-5,2271.2430997888823,1681166101327,"How many <b class=""r"">red</b> marbles did you actually draw (before any changes)?",23,20,1681166101328,0
sona-44739,unif,over,practice,1,sender,100,0.5,5,21.9,honest,59,86,80,21,-21,21,-21,2334.0837337126673,1680738475718,"How many <b class=""r"">red</b> marbles did you actually draw (before any changes)?",59,51,1680738475718,0
sona-42946,unif,over,practice,1,sender,100,0.5,5,8.1,dishonest_big,78,72,63,0,-15,0,-15,2075.7360908277597,1680889757955,"How many <b class=""r"">red</b> marbles did you actually draw (before any changes)?",78,72,1680889757955,0
sona-36216,unif,over,practice,1,sender,100,0.5,5,21.9,dishonest_big,40,40,39,0,-1,0,-1,2270.0156702458416,1680818380468,"How many <b class=""r"">red</b> marbles did you actually draw (before any changes)?",40,40,1680818380469,0
sona-42854,unif,over,practice,1,sender,100,0.5,5,0.3,honest,48,44,42,0,-6,0,-6,2676.925942772453,1681019577244,"How many <b class=""r"">red</b> marbles did you actually draw (before any changes)?",48,48,1681019577246,0
sona-48059,unif,over,practice,1,sender,100,0.5,5,21.9,dishonest_small,66,57,49,0,-17,0,-17,2453.21460181868,1678906886190,"How many <b class=""r"">red</b> marbles did you actually draw (before any changes)?",66,57,1678906886190,0
sona-41444,unif,over,practice,1,sender,100,0.5,5,8.1,dishonest_big,34,37,29,0,-5,0,-5,2292.0320782119193,1678904597495,"How many <b class=""r"">red</b> marbles did you actually draw (before any changes)?",34,34,1678904597495,0
sona-40982,unif,over,practice,1,sender,100,0.5,5,8.1,honest,64,60,55,0,-9,0,-9,2826.109213217555,1681180978201,"How many <b class=""r"">red</b> marbles did you actually draw (before any changes)?",64,36,1681180978201,0
sona-40717,unif,over,practice,1,sender,100,0.5,5,21.9,dishonest_big,17,21,16,0,-1,0,-1,2162.269439292267,1681080555949,"How many <b class=""r"">red</b> marbles did you actually draw (before any changes)?",17,17,1681080555950,0
sona-48327,unif,over,practice,1,sender,100,0.5,5,0.3,honest,68,49,44,0,-24,0,-24,3138.9542820516963,1680848503449,"How many <b class=""r"">red</b> marbles did you actually draw (before any changes)?",68,32,1680848503450,0
sona-36365,unif,over,practice,1,sender,100,0.5,5,21.9,dishonest_small,25,18,16,0,-9,0,-9,2098.582742316369,1680839441124,"How many <b class=""r"">red</b> marbles did you actually draw (before any changes)?",25,25,1680839441124,0
sona-45535,unif,over,practice,1,sender,100,0.5,5,8.1,honest,66,66,61,0,-5,0,-5,2136.812619518916,1680901054225,"How many <b class=""r"">red</b> marbles did you actually draw (before any changes)?",66,66,1680901054225,0
sona-41599,unif,over,practice,1,sender,100,0.5,5,8.1,dishonest_big,71,60,53,0,-18,0,-18,2376.6222720510536,1678904887124,"How many <b class=""r"">red</b> marbles did you actually draw (before any changes)?",71,61,1678904887124,0
sona-45523,unif,over,practice,1,sender,100,0.5,5,21.9,honest,89,82,76,0,-13,0,-13,2588.299695231147,1680738595253,"How many <b class=""r"">red</b> marbles did you actually draw (before any changes)?",89,89,1680738595253,0
sona-38156,unif,over,practice,1,sender,100,0.5,5,21.9,dishonest_big,26,24,19,0,-7,0,-7,2558.411237021147,1680760185672,"How many <b class=""r"">red</b> marbles did you actually draw (before any changes)?",26,26,1680760185673,0
sona-36261,unif,over,practice,1,sender,100,0.5,5,0.3,honest,60,55,50,0,-10,0,-10,2648.942504625704,1680745347877,"How many <b class=""r"">red</b> marbles did you actually draw (before any changes)?",60,60,1680745347878,0
sona-42065,unif,over,practice,1,sender,100,0.5,5,21.9,honest,6,3,0,0,-6,0,-6,2297.5479282223796,1680823178630,"How many <b class=""r"">red</b> marbles did you actually draw (before any changes)?",6,3,1680823178630,0
sona-45061,unif,over,practice,1,sender,100,0.5,5,21.9,dishonest_big,58,58,48,0,-10,0,-10,2210.662323885621,1681167367085,"How many <b class=""r"">red</b> marbles did you actually draw (before any changes)?",58,58,1681167367085,0
sona-48203,unif,over,practice,1,sender,100,0.5,5,21.9,honest,47,42,36,0,-11,0,-11,3056.1286525397204,1680809904654,"How many <b class=""r"">red</b> marbles did you actually draw (before any changes)?",47,47,1680809904654,0
sona-46972,unif,over,practice,1,sender,100,0.5,5,21.9,dishonest_big,57,56,48,0,-9,0,-9,2719.664834148393,1681185362811,"How many <b class=""r"">red</b> marbles did you actually draw (before any changes)?",57,57,1681185362812,0
sona-36723,unif,over,practice,1,sender,100,0.5,5,21.9,dishonest_small,41,34,31,0,-10,0,-10,2256.422275908346,1680849302645,"How many <b class=""r"">red</b> marbles did you actually draw (before any changes)?",41,41,1680849302646,0
sona-48278,unif,over,practice,1,sender,100,0.5,5,21.9,dishonest_small,77,82,77,0,0,0,0,2522.307402077739,1680900210778,"How many <b class=""r"">red</b> marbles did you actually draw (before any changes)?",77,73,1680900210779,0
sona-48297,unif,over,practice,1,sender,100,0.5,5,0.3,honest,69,65,57,0,-12,0,-12,2659.3979579232405,1680755314567,"How many <b class=""r"">red</b> marbles did you actually draw (before any changes)?",69,69,1680755314568,0
sona-45333,unif,over,practice,1,sender,100,0.5,5,8.1,honest,45,44,40,0,-5,0,-5,2154.460567569412,1680753936638,"How many <b class=""r"">red</b> marbles did you actually draw (before any changes)?",45,45,1680753936639,0
sona-46724,unif,over,practice,1,sender,100,0.5,5,0.3,dishonest_small,36,34,32,0,-4,0,-4,2755.038039478567,1680869776847,"How many <b class=""r"">red</b> marbles did you actually draw (before any changes)?",36,31,1680869776847,0
sona-46118,unif,over,practice,1,sender,100,0.5,5,0.3,dishonest_small,55,61,58,3,-3,3,-3,2237.199270788792,1678907919866,"How many <b class=""r"">red</b> marbles did you actually draw (before any changes)?",55,45,1678907919866,0
sona-34548,unif,over,practice,1,sender,100,0.5,5,21.9,dishonest_big,20,25,21,1,-1,1,-1,2754.477761208941,1681184874122,"How many <b class=""r"">red</b> marbles did you actually draw (before any changes)?",20,25,1681184874123,0
sona-36125,unif,over,practice,1,sender,100,0.5,5,21.9,honest,9,18,14,5,-5,5,-5,3150.279559758844,1680750071444,"How many <b class=""r"">red</b> marbles did you actually draw (before any changes)?",9,9,1680750071445,0
sona-48055,unif,over,practice,1,sender,100,0.5,5,21.9,honest,20,20,15,0,-5,0,-5,3155.73035838491,1678910467928,"How many <b class=""r"">red</b> marbles did you actually draw (before any changes)?",20,20,1678910467929,0
sona-45149,unif,over,practice,1,sender,100,0.5,5,21.9,honest,28,28,23,0,-5,0,-5,2090.270160748715,1680753930688,"How many <b class=""r"">red</b> marbles did you actually draw (before any changes)?",28,29,1680753930689,0
sona-37292,unif,over,practice,1,sender,100,0.5,5,21.9,honest,41,45,41,0,0,0,0,2916.4963331777317,1681109178226,"How many <b class=""r"">red</b> marbles did you actually draw (before any changes)?",41,41,1681109178227,0
sona-47939,unif,over,practice,1,sender,100,0.5,5,21.9,dishonest_big,25,27,21,0,-4,0,-4,2975.806372689678,1678905466595,"How many <b class=""r"">red</b> marbles did you actually draw (before any changes)?",25,25,1678905466596,0
sona-42812,unif,over,practice,1,sender,100,0.5,5,8.1,honest,78,78,73,0,-5,0,-5,2670.678414234329,1680853089073,"How many <b class=""r"">red</b> marbles did you actually draw (before any changes)?",78,78,1680853089074,0
sona-36712,unif,over,practice,1,sender,100,0.5,5,8.1,dishonest_small,59,59,53,0,-6,0,-6,2183.3427647573944,1680845317919,"How many <b class=""r"">red</b> marbles did you actually draw (before any changes)?",59,59,1680845317919,0
sona-46806,unif,over,practice,1,sender,100,0.5,5,8.1,dishonest_big,24,19,17,0,-7,0,-7,2249.493630296505,1680736975354,"How many <b class=""r"">red</b> marbles did you actually draw (before any changes)?",24,26,1680736975355,0
sona-47094,unif,over,practice,1,sender,100,0.5,5,8.1,dishonest_small,67,59,51,0,-16,0,-16,2508.9934939991203,1680755928700,"How many <b class=""r"">red</b> marbles did you actually draw (before any changes)?",67,64,1680755928701,0
sona-42500,unif,over,practice,1,sender,100,0.5,5,0.3,honest,40,51,48,8,-8,8,-8,3091.2844990520985,1680847089047,"How many <b class=""r"">red</b> marbles did you actually draw (before any changes)?",40,49,1680847089047,0
sona-36211,unif,over,practice,1,sender,100,0.5,5,21.9,dishonest_big,45,53,49,4,-4,4,-4,3034.0174911598933,1681185859197,"How many <b class=""r"">red</b> marbles did you actually draw (before any changes)?",45,45,1681185859197,0
sona-47885,unif,over,practice,1,sender,100,0.5,5,8.1,dishonest_big,63,63,59,0,-4,0,-4,3159.473440383827,1678907418712,"How many <b class=""r"">red</b> marbles did you actually draw (before any changes)?",63,63,1678907418713,0
sona-46797,unif,over,practice,1,sender,100,0.5,5,0.3,honest,90,95,94,4,-4,4,-4,3139.208646974509,1681163249672,"How many <b class=""r"">red</b> marbles did you actually draw (before any changes)?",90,90,1681163249673,0
sona-41681,unif,over,practice,1,sender,100,0.5,5,21.9,dishonest_small,49,49,45,0,-4,0,-4,3050.0225519283417,1681145119629,"How many <b class=""r"">red</b> marbles did you actually draw (before any changes)?",49,7,1681145119629,0
sona-40287,unif,over,practice,1,sender,100,0.5,5,0.3,dishonest_small,38,28,25,0,-13,0,-13,2769.5603507942483,1680927683175,"How many <b class=""r"">red</b> marbles did you actually draw (before any changes)?",38,28,1680927683176,0
sona-36401,unif,over,practice,1,sender,100,0.5,5,0.3,dishonest_big,42,37,33,0,-9,0,-9,2114.4275488555736,1681159285178,"How many <b class=""r"">red</b> marbles did you actually draw (before any changes)?",42,39,1681159285178,0
sona-40511,unif,over,practice,1,sender,100,0.5,5,0.3,dishonest_big,55,51,47,0,-8,0,-8,2594.7106767907485,1680802561498,"How many <b class=""r"">red</b> marbles did you actually draw (before any changes)?",55,50,1680802561499,0
sona-47153,unif,over,practice,1,sender,100,0.5,5,8.1,dishonest_big,83,85,80,0,-3,0,-3,2606.675876286888,1681143230419,"How many <b class=""r"">red</b> marbles did you actually draw (before any changes)?",83,83,1681143230419,0
sona-44285,unif,over,practice,1,sender,100,0.5,5,0.3,dishonest_big,31,31,20,0,-11,0,-11,2763.318908612112,1678909991646,"How many <b class=""r"">red</b> marbles did you actually draw (before any changes)?",31,31,1678909991647,0
sona-32116,unif,over,practice,1,sender,100,0.5,5,0.3,dishonest_big,30,30,22,0,-8,0,-8,2646.4188016526778,1678906598598,"How many <b class=""r"">red</b> marbles did you actually draw (before any changes)?",30,30,1678906598598,0
sona-42582,unif,over,practice,1,sender,100,0.5,5,0.3,dishonest_small,63,73,71,8,-8,8,-8,2340.646975953872,1681150447352,"How many <b class=""r"">red</b> marbles did you actually draw (before any changes)?",63,65,1681150447353,0
sona-45617,unif,over,practice,1,sender,100,0.5,5,8.1,dishonest_small,38,43,41,3,-3,3,-3,2827.877213371931,1680734808950,"How many <b class=""r"">red</b> marbles did you actually draw (before any changes)?",38,38,1680734808951,0
sona-45093,unif,over,practice,1,sender,100,0.5,5,0.3,dishonest_big,69,60,55,0,-14,0,-14,2641.4156875341305,1680801335112,"How many <b class=""r"">red</b> marbles did you actually draw (before any changes)?",69,69,1680801335112,0
sona-42886,unif,over,practice,1,sender,100,0.5,5,21.9,dishonest_small,43,50,48,5,-5,5,-5,2069.20553231577,1678912467446,"How many <b class=""r"">red</b> marbles did you actually draw (before any changes)?",43,43,1678912467446,0
sona-47387,unif,over,practice,1,sender,100,0.5,5,21.9,dishonest_small,37,72,67,30,-30,30,-30,2176.47573295845,1680834170063,"How many <b class=""r"">red</b> marbles did you actually draw (before any changes)?",37,72,1680834170064,0
sona-48286,unif,over,practice,1,sender,100,0.5,5,8.1,dishonest_small,37,37,34,0,-3,0,-3,2732.214452242898,1680743688605,"How many <b class=""r"">red</b> marbles did you actually draw (before any changes)?",37,37,1680743688606,0
sona-47870,unif,over,practice,1,sender,100,0.5,5,21.9,dishonest_small,32,32,29,0,-3,0,-3,2790.551573887664,1680897276677,"How many <b class=""r"">red</b> marbles did you actually draw (before any changes)?",32,32,1680897276677,0
sona-33320,unif,over,practice,1,sender,100,0.5,5,8.1,dishonest_big,52,55,52,0,0,0,0,2504.155841836206,1681183001361,"How many <b class=""r"">red</b> marbles did you actually draw (before any changes)?",52,52,1681183001362,0
sona-43864,unif,over,practice,1,sender,100,0.5,5,0.3,dishonest_big,22,44,42,20,-20,20,-20,2255.504867392396,1680903685906,"How many <b class=""r"">red</b> marbles did you actually draw (before any changes)?",22,22,1680903685906,0
sona-44572,unif,over,practice,1,sender,100,0.5,5,0.3,dishonest_small,69,68,62,0,-7,0,-7,2147.5190203941065,1680999903747,"How many <b class=""r"">red</b> marbles did you actually draw (before any changes)?",69,69,1680999903747,0
sona-37908,unif,over,practice,1,sender,100,0.5,5,21.9,dishonest_small,39,39,34,0,-5,0,-5,2136.6030092617566,1678905690336,"How many <b class=""r"">red</b> marbles did you actually draw (before any changes)?",39,39,1678905690337,0
sona-33463,unif,over,practice,1,sender,100,0.5,5,21.9,dishonest_big,26,34,29,3,-3,3,-3,2103.263503855994,1680745877662,"How many <b class=""r"">red</b> marbles did you actually draw (before any changes)?",26,26,1680745877662,0
sona-44732,unif,over,practice,1,sender,100,0.5,5,21.9,honest,48,48,46,0,-2,0,-2,2348.638168280159,1680750860085,"How many <b class=""r"">red</b> marbles did you actually draw (before any changes)?",48,49,1680750860086,0
sona-41926,unif,over,practice,1,sender,100,0.5,5,8.1,dishonest_big,61,59,53,0,-8,0,-8,2959.5873823612656,1678909879338,"How many <b class=""r"">red</b> marbles did you actually draw (before any changes)?",61,2,1678909879338,0
sona-42432,unif,over,practice,1,sender,100,0.5,5,0.3,honest,69,84,75,6,-6,6,-6,2226.1725415437054,1680739893087,"How many <b class=""r"">red</b> marbles did you actually draw (before any changes)?",69,84,1680739893088,0
sona-43389,unif,over,practice,1,sender,100,0.5,5,21.9,honest,62,73,65,3,-3,3,-3,2444.156738643859,1681164631840,"How many <b class=""r"">red</b> marbles did you actually draw (before any changes)?",62,62,1681164631841,0
sona-44270,unif,over,practice,1,sender,100,0.5,5,21.9,dishonest_big,79,77,72,0,-7,0,-7,2257.6810903416476,1680994382585,"How many <b class=""r"">red</b> marbles did you actually draw (before any changes)?",79,79,1680994382585,0
sona-45932,unif,over,practice,1,sender,100,0.5,5,21.9,honest,59,54,46,0,-13,0,-13,2278.076936722242,1680903277986,"How many <b class=""r"">red</b> marbles did you actually draw (before any changes)?",59,59,1680903277988,0
sona-47333,unif,over,practice,1,sender,100,0.5,5,0.3,dishonest_big,34,40,34,0,0,0,0,2204.961808401667,1680822916433,"How many <b class=""r"">red</b> marbles did you actually draw (before any changes)?",34,36,1680822916434,0
sona-46934,unif,over,practice,1,sender,100,0.5,5,0.3,dishonest_big,60,60,52,0,-8,0,-8,2617.4026543554633,1681144213720,"How many <b class=""r"">red</b> marbles did you actually draw (before any changes)?",60,60,1681144213720,0
sona-42189,unif,over,practice,1,sender,100,0.5,5,0.3,honest,14,17,12,0,-2,0,-2,3153.704569771533,1680739789360,"How many <b class=""r"">red</b> marbles did you actually draw (before any changes)?",14,14,1680739789361,0
sona-39994,unif,over,practice,1,sender,100,0.5,5,0.3,dishonest_big,63,63,59,0,-4,0,-4,2919.107572278646,1680741016256,"How many <b class=""r"">red</b> marbles did you actually draw (before any changes)?",63,0,1680741016256,0
sona-36698,unif,over,practice,1,sender,100,0.5,5,0.3,dishonest_big,34,33,30,0,-4,0,-4,2925.1292659656183,1681170759293,"How many <b class=""r"">red</b> marbles did you actually draw (before any changes)?",34,42,1681170759294,0
sona-45564,unif,over,practice,1,sender,100,0.5,5,0.3,dishonest_small,24,21,19,0,-5,0,-5,2695.8183121389184,1681001130059,"How many <b class=""r"">red</b> marbles did you actually draw (before any changes)?",24,25,1681001130059,0
sona-48090,unif,over,practice,1,sender,100,0.5,5,21.9,dishonest_big,20,29,23,3,-3,3,-3,2211.0059106998065,1680820927003,"How many <b class=""r"">red</b> marbles did you actually draw (before any changes)?",20,20,1680820927004,0
sona-43633,unif,over,practice,1,sender,100,0.5,5,8.1,dishonest_big,28,28,26,0,-2,0,-2,2445.699598948063,1678906452641,"How many <b class=""r"">red</b> marbles did you actually draw (before any changes)?",28,0,1678906452642,0
sona-40361,unif,over,practice,1,sender,100,0.5,5,0.3,dishonest_small,50,40,35,0,-15,0,-15,2485.6740498079325,1680885263941,"How many <b class=""r"">red</b> marbles did you actually draw (before any changes)?",50,50,1680885263941,0
sona-38795,unif,over,practice,1,sender,100,0.5,5,0.3,honest,42,58,55,13,-13,13,-13,2867.3266941344928,1680801820934,"How many <b class=""r"">red</b> marbles did you actually draw (before any changes)?",42,42,1680801820935,0
sona-43371,unif,over,practice,1,sender,100,0.5,5,8.1,honest,78,73,70,0,-8,0,-8,2117.9570939812647,1680831687940,"How many <b class=""r"">red</b> marbles did you actually draw (before any changes)?",78,77,1680831687941,0
sona-42576,unif,over,practice,1,sender,100,0.5,5,8.1,honest,60,55,51,0,-9,0,-9,2110.056977741246,1681001431397,"How many <b class=""r"">red</b> marbles did you actually draw (before any changes)?",60,60,1681001431397,0
sona-43388,unif,over,practice,1,sender,100,0.5,5,21.9,dishonest_big,22,28,22,0,0,0,0,2813.1181783068305,1680918078950,"How many <b class=""r"">red</b> marbles did you actually draw (before any changes)?",22,22,1680918078950,0
sona-42258,unif,over,practice,1,sender,100,0.5,5,21.9,dishonest_small,65,45,43,0,-22,0,-22,2609.822585022883,1678908257439,"How many <b class=""r"">red</b> marbles did you actually draw (before any changes)?",65,65,1678908257440,0
sona-36725,unif,over,practice,1,sender,100,0.5,5,8.1,honest,32,37,35,3,-3,3,-3,3053.2871795022106,1678908414170,"How many <b class=""r"">red</b> marbles did you actually draw (before any changes)?",32,32,1678908414171,0
sona-40137,unif,over,practice,1,sender,100,0.5,5,0.3,honest,59,59,55,0,-4,0,-4,3097.9095664343968,1681186053365,"How many <b class=""r"">red</b> marbles did you actually draw (before any changes)?",59,59,1681186053369,0
sona-45227,unif,over,practice,1,sender,100,0.5,5,21.9,dishonest_small,49,46,39,0,-10,0,-10,2825.318774609087,1681103122761,"How many <b class=""r"">red</b> marbles did you actually draw (before any changes)?",49,49,1681103122761,0
sona-40926,unif,over,practice,1,sender,100,0.5,5,8.1,honest,33,33,21,0,-12,0,-12,2732.110471572951,1680748196919,"How many <b class=""r"">red</b> marbles did you actually draw (before any changes)?",33,0,1680748196920,0
sona-44973,unif,over,practice,1,sender,100,0.5,5,0.3,honest,35,51,44,9,-9,9,-9,2348.4889419630026,1680751325291,"How many <b class=""r"">red</b> marbles did you actually draw (before any changes)?",35,35,1680751325292,0
sona-39002,unif,over,practice,1,sender,100,0.5,5,0.3,honest,16,19,15,0,-1,0,-1,2598.918936915703,1680793974510,"How many <b class=""r"">red</b> marbles did you actually draw (before any changes)?",16,18,1680793974511,0
sona-45354,unif,over,practice,1,sender,100,0.5,5,8.1,dishonest_small,63,63,62,0,-1,0,-1,2657.7561521555244,1680823411856,"How many <b class=""r"">red</b> marbles did you actually draw (before any changes)?",63,63,1680823411857,0
sona-46981,unif,over,practice,1,sender,100,0.5,5,0.3,dishonest_small,65,66,60,0,-5,0,-5,2927.901427776581,1680911115917,"How many <b class=""r"">red</b> marbles did you actually draw (before any changes)?",65,30,1680911115917,0
sona-43795,unif,over,practice,1,sender,100,0.5,5,0.3,dishonest_small,46,41,31,0,-15,0,-15,3044.017190737787,1680808213006,"How many <b class=""r"">red</b> marbles did you actually draw (before any changes)?",46,43,1680808213007,0
sona-41878,unif,over,practice,1,sender,100,0.5,5,0.3,dishonest_small,35,33,30,0,-5,0,-5,3227.751184838586,1680741566334,"How many <b class=""r"">red</b> marbles did you actually draw (before any changes)?",35,2,1680741566334,0
sona-40785,unif,over,practice,1,sender,100,0.5,5,8.1,dishonest_big,27,27,24,0,-3,0,-3,2388.140499898309,1680753178683,"How many <b class=""r"">red</b> marbles did you actually draw (before any changes)?",27,21,1680753178684,0
sona-40551,unif,over,practice,1,sender,100,0.5,5,21.9,honest,50,75,70,20,-20,20,-20,3030.7450945541636,1681176727909,"How many <b class=""r"">red</b> marbles did you actually draw (before any changes)?",50,50,1681176727909,0
sona-38263,unif,over,practice,1,sender,100,0.5,5,8.1,dishonest_small,57,73,71,14,-14,14,-14,2294.208983740554,1680829752659,"How many <b class=""r"">red</b> marbles did you actually draw (before any changes)?",57,51,1680829752659,0
sona-29864,unif,over,practice,1,sender,100,0.5,5,8.1,dishonest_big,51,49,44,0,-7,0,-7,2559.2259233388813,1681179378657,"How many <b class=""r"">red</b> marbles did you actually draw (before any changes)?",51,51,1681179378658,0
sona-39171,unif,over,practice,1,sender,100,0.5,5,8.1,dishonest_big,62,-2,0,0,-62,0,-62,2766.070496524817,1680916455022,"How many <b class=""r"">red</b> marbles did you actually draw (before any changes)?",62,62,1680916455023,0
sona-36396,unif,over,practice,1,sender,100,0.5,5,21.9,dishonest_small,31,13,7,0,-24,0,-24,2904.9945904020396,1681183152884,"How many <b class=""r"">red</b> marbles did you actually draw (before any changes)?",31,31,1681183152884,0
sona-40005,unif,over,practice,1,sender,100,0.5,5,8.1,dishonest_small,30,30,24,0,-6,0,-6,2646.4759675467394,1678907763268,"How many <b class=""r"">red</b> marbles did you actually draw (before any changes)?",30,30,1678907763268,0
sona-44945,unif,over,practice,1,sender,100,0.5,5,0.3,dishonest_big,38,31,25,0,-13,0,-13,2685.078236639212,1678910463318,"How many <b class=""r"">red</b> marbles did you actually draw (before any changes)?",38,31,1678910463318,0
sona-31280,unif,over,practice,1,sender,100,0.5,5,0.3,dishonest_small,37,33,29,0,-8,0,-8,2331.302000611305,1680832367147,"How many <b class=""r"">red</b> marbles did you actually draw (before any changes)?",37,37,1680832367148,0
sona-46000,unif,over,practice,1,sender,100,0.5,5,8.1,honest,80,69,64,0,-16,0,-16,3045.529135053378,1680736283877,"How many <b class=""r"">red</b> marbles did you actually draw (before any changes)?",80,80,1680736283877,0
sona-40992,unif,over,practice,1,sender,100,0.5,5,21.9,honest,57,57,51,0,-6,0,-6,2697.8244726774933,1680738059439,"How many <b class=""r"">red</b> marbles did you actually draw (before any changes)?",57,57,1680738059440,0
sona-42106,unif,over,practice,1,sender,100,0.5,5,0.3,dishonest_big,40,44,41,1,-1,1,-1,2505.536773310572,1678910449185,"How many <b class=""r"">red</b> marbles did you actually draw (before any changes)?",40,40,1678910449185,0
sona-48337,unif,over,practice,1,sender,100,0.5,5,0.3,dishonest_small,55,45,40,0,-15,0,-15,2123.0477953430336,1680839875714,"How many <b class=""r"">red</b> marbles did you actually draw (before any changes)?",55,55,1680839875714,0
sona-39409,unif,over,practice,1,sender,100,0.5,5,0.3,dishonest_small,67,75,74,7,-7,7,-7,2673.133239723,1680833030182,"How many <b class=""r"">red</b> marbles did you actually draw (before any changes)?",67,67,1680833030183,0
sona-45378,unif,over,practice,1,sender,100,0.5,5,21.9,honest,56,60,56,0,0,0,0,2617.540977472616,1678910453614,"How many <b class=""r"">red</b> marbles did you actually draw (before any changes)?",56,54,1678910453614,0
sona-45401,unif,over,practice,1,sender,100,0.5,5,21.9,dishonest_small,32,25,19,0,-13,0,-13,3191.503898679826,1680911447580,"How many <b class=""r"">red</b> marbles did you actually draw (before any changes)?",32,30,1680911447580,0
sona-35216,unif,over,practice,1,sender,100,0.5,5,8.1,dishonest_big,46,34,30,0,-16,0,-16,3235.335827954986,1680906307405,"How many <b class=""r"">red</b> marbles did you actually draw (before any changes)?",46,56,1680906307405,0
sona-46446,unif,over,practice,1,sender,100,0.5,5,8.1,dishonest_big,31,44,39,8,-8,8,-8,3070.3372811891354,1678904216364,"How many <b class=""r"">red</b> marbles did you actually draw (before any changes)?",31,31,1678904216366,0
sona-47257,unif,over,practice,1,sender,100,0.5,5,21.9,dishonest_small,53,50,47,0,-6,0,-6,2532.5167082485937,1680808098319,"How many <b class=""r"">red</b> marbles did you actually draw (before any changes)?",53,50,1680808098320,0
sona-47312,unif,over,practice,1,sender,100,0.5,5,0.3,dishonest_small,47,37,30,0,-17,0,-17,2296.4944876515656,1681173312802,"How many <b class=""r"">red</b> marbles did you actually draw (before any changes)?",47,47,1681173312803,0
sona-43582,unif,over,practice,1,sender,100,0.5,5,8.1,dishonest_big,21,32,27,6,-6,6,-6,2387.229828279852,1680977928904,"How many <b class=""r"">red</b> marbles did you actually draw (before any changes)?",21,11,1680977928904,0
